Date,Close,Volume,MA_7,MA_21,RSI,Returns,Volatility
2024-03-08,118.10794141487266,2979079,106.61505808147476,105.14624209404431,54.58607773218202,0.14374249604679723,0.06065299038801885
2024-03-09,110.09144641043076,4201046,108.16316373669738,105.50852188668118,51.40813665644902,-0.0678743097916058,0.06263019407272401
2024-03-10,111.9850202319334,1394030,109.07829928212472,106.08423339189775,56.55064675785875,0.017200008567815894,0.062034493018881365
2024-03-11,104.93665268646299,4522905,109.2367917521417,106.10928806166629,48.03563186241495,-0.0629402712154935,0.06298846023669429
2024-03-12,109.73702438546864,1076077,109.06315227586545,106.12669885794028,54.16217252199158,0.04574542427371431,0.06120404862067942
2024-03-13,113.39721766700436,3974058,110.21710774452536,106.7090683574146,55.9769885454592,0.03335422390057441,0.06151280174740153
2024-03-14,107.45604438748188,1133515,110.8159067405221,106.98094777507819,49.63986439462781,-0.052392584242842544,0.059247077031213714
2024-03-15,115.4422961534044,4090649,110.43510027459806,107.17397634694619,61.23622298346386,0.07432110321430074,0.06100566521974298
2024-03-16,110.89746549865323,2255564,110.55024585862985,107.31667509536393,57.131917514711944,-0.03936885185228656,0.060442311717115324
2024-03-17,112.76280311308035,2908327,110.6613576987937,107.81575445854718,54.654768487719785,0.016820380935123946,0.05940158785006688
2024-03-18,111.51684125528982,1125885,111.60138463719753,107.98787066595419,55.01545586491143,-0.0110494047983275,0.05856286170454556
2024-03-19,124.0741158090582,1896209,113.64954055485317,108.97110882585011,57.99207945286538,0.11260428839641934,0.06328014472987727
2024-03-20,115.0156255103733,1541656,113.88074167533445,109.49752024283106,55.66911179652286,-0.0730087032223975,0.06555761978003115
2024-03-21,110.04779783583587,1670688,114.25099216795647,109.59322304998592,53.83544843852622,-0.04319263276179275,0.06235112681660181
2024-03-22,119.68502008845567,3285166,114.8570955872495,110.63575131444077,50.94749746908389,0.08757305863581344,0.06485861104017099
2024-03-23,109.68660107556026,3188903,114.68411495537907,111.13250818356876,49.76242947496045,-0.08353943547409592,0.06692631784939676
2024-03-24,117.03615105883325,1230203,115.29459323334378,111.67808340475406,52.7857158546122,0.06700499341947963,0.06817228903299308
2024-03-25,106.37692621568554,1813738,114.56031965625745,111.79949868186556,50.76389148520646,-0.09107634475940163,0.07004527496805231
2024-03-26,109.70019129346143,3051531,112.50690186831505,111.7398648996779,49.980153519470356,0.0312404691129895,0.06930207766894378
2024-03-27,117.47367530834555,3792427,112.85805183945395,112.31863375310459,52.1032548808381,0.07086117100825384,0.07060300508870787
2024-03-28,120.31238541924411,3920803,114.32442149422654,113.13044013423503,56.85263289590714,0.02416464883257885,0.06325506188804106
2024-03-29,117.59007694227925,4357679,114.02514390191563,113.10577992125438,51.212861161206035,-0.022627001097838884,0.06137466432649168
2024-03-30,116.2507714000014,2553731,114.96288251969294,113.39908111123395,53.136590642186825,-0.011389613623054906,0.06141056592259825
2024-03-31,115.40199113752625,1195716,114.72943110236336,113.56179401150027,51.56498667836136,-0.007301287142040702,0.05946436014292133
2024-04-01,109.5762716815596,3681719,115.18648045463108,113.78272824936204,48.90856090677053,-0.05048196654617554,0.06000695616199789
2024-04-02,113.41409365328974,3412324,115.71703793460657,113.95782678592492,43.35245384883585,0.03502420654430782,0.06005457260193532
2024-04-03,114.73783059179601,1890695,115.32620297509948,114.0216654966293,49.808272842670966,0.011671714650852705,0.058710486401515445
2024-04-04,122.33786710040344,1000126,115.61555750097939,114.73032372105412,58.18491255031078,0.06623827964506468,0.058233438641823884
2024-04-05,118.76537479816542,1838761,115.78345719467741,114.88856556128084,49.33371449642879,-0.029201852107704762,0.057873516190338974
2024-04-06,108.21120842229494,4173360,114.63494819786219,114.76064855764473,48.939613120200036,-0.08886568491706148,0.06145329505301926
2024-04-07,118.61038396200945,1500315,115.09329002993124,115.03910478854611,51.083910306739114,0.09610072460453134,0.06503043071526048
2024-04-08,115.01289470336988,2769246,115.86995046161842,115.20558352416897,56.586661553836805,-0.030330306154238817,0.06027303167778854
2024-04-09,113.4872099539873,2158521,115.88039564743235,114.70144515011799,52.96979557127589,-0.013265336493942459,0.0580094916055822
2024-04-10,119.84929799511052,3414472,116.61060527647729,114.93162003034355,51.90514623269503,0.056059956392466415,0.058280986918346565
2024-04-11,121.85102976704404,2299445,116.54105708599737,115.49367869373442,51.25071607073709,0.016702073399004647,0.05512228861693506
2024-04-12,121.2440282343791,1741426,116.8951504340279,115.56791717687364,53.075963572033054,-0.004981505152852672,0.051349749635185904
2024-04-13,112.27010005793427,1498716,117.47499209626207,115.69094093793908,47.03067277435404,-0.07401542415843487,0.05224632384533394
2024-04-14,114.78615799651142,4141069,116.92867410119094,115.58379841116184,49.55177666375423,0.022410757069591947,0.04790498467236798
2024-04-15,117.84257106794134,4321127,117.332913581844,116.1297814993645,56.269203852538794,0.02662701779358101,0.04778242841256455
2024-04-16,120.90656620128208,3559272,118.3928216171718,116.6634183997369,55.749818011218224,0.026000749182349514,0.045510645528746604
2024-04-17,113.46467958663105,4280597,117.48073327310331,116.47251384156003,49.10683832430091,-0.06155072340952905,0.047354445702649996
2024-04-18,114.75367973874874,3276106,116.466826126204,116.20781357106026,44.16251717002799,0.011360364800867773,0.04717944215083194
2024-04-19,109.96204542092583,3766230,114.85511429571068,115.84457397480533,43.34897569774897,-0.04175582280874712,0.04804062714295463
2024-04-20,109.31537988431465,4180288,114.43301141376502,115.5143172359631,50.98108891606014,-0.005880806728683519,0.04803292498204451
2024-04-21,119.15332303254513,3381412,115.05689213319839,115.69295208810685,50.487277205831255,0.08999596542263033,0.050706391214523625
2024-04-22,121.65841914505712,3002324,115.60201328707208,116.26829244351148,56.083514047414795,0.021024139728169855,0.0503716849316596
2024-04-23,114.29660725721179,3067801,114.65773343791918,116.31031690084113,50.66941850147948,-0.06051214490192924,0.05239264960708324
2024-04-24,119.44735708744655,1132717,115.5124016523214,116.53458006730068,49.66077452330639,0.04506476573397822,0.05120784986009214
2024-04-25,116.00519668729962,4324323,115.69118978782866,116.23302433334335,45.18340917227278,-0.028817384361438436,0.051196361918094055
2024-04-26,110.73373439765558,3745525,115.80143107021863,115.85056526665238,41.95831209192611,-0.04544160468822478,0.048050343047693726
2024-04-27,115.52433267868457,3477014,116.68842432655718,116.19880927886143,52.66018749626018,0.04326232025938448,0.04389056375438447
2024-04-28,121.16198362336254,4951416,116.97537583953113,116.32031402464015,54.95887108632147,0.04880054975394965,0.04461140770933204
2024-04-29,113.0442674757088,1494592,115.74478274390992,116.22656987094201,46.54043524229882,-0.06699887130346116,0.0472194605708678
2024-04-30,120.7960946670678,4245886,116.67328094531793,116.57461200013631,49.925393571013274,0.06857337717743839,0.04806460317077647
2024-05-01,99.62224624537353,4854261,113.84112225359321,115.61141905967266,42.11420599107213,-0.17528586896830223,0.062014662609641134
2024-05-02,116.57793358613517,2217078,113.92294181056971,115.36031924153414,50.881837124892876,0.17019980957866698,0.07374184216186094
2024-05-03,112.65119802125592,4578226,114.19686518536977,114.95113685043303,51.310887116122416,-0.03368335193536376,0.07212620496818015
2024-05-04,110.46929809517066,2954727,113.47471738772492,114.86538437601571,50.55420783474543,-0.019368634905006177,0.0721293790878881
2024-05-05,112.17307822156295,3029454,112.19058804461068,114.74095200578007,46.36335818550422,0.015423109911719246,0.07195975086082333
2024-05-06,101.5286705947327,3427540,110.5455027758998,113.96409960229394,40.33249275348628,-0.09489271218719286,0.07468836710308659
2024-05-07,110.12342785756599,2715630,109.02083608882812,113.45061682402175,48.019247480238775,0.08465349947445455,0.07610904611451545
2024-05-08,112.7663782104929,1318408,110.89856922670232,113.417364377539,46.751617848715746,0.023999891797277906,0.07624944879783528
2024-05-09,118.13378757579798,1468276,111.12083408236845,113.57832189358894,51.01592976270242,0.04759760356305964,0.07617348966267437
2024-05-10,107.92165234362473,2014920,110.4451846998497,113.48116031847937,48.7183017003354,-0.08644550760400249,0.0789364299816394
2024-05-11,106.24510660291517,3154697,109.84172877238463,113.3349568288889,45.647126057902106,-0.015534841288117107,0.07625132482684897
2024-05-12,107.55993633811111,1511411,109.18270850332009,112.78289079582063,43.34957717958378,0.012375438052973475,0.07613282385961583
2024-05-13,114.43413392158499,3922808,111.02634612144185,112.43887721375053,50.68790958714584,0.06391039096439277,0.07629951773153228
2024-05-14,111.29720180894898,4117172,111.19402811449656,112.29604838288085,45.07350092835125,-0.02741255607164872,0.07591014092833542
2024-05-15,106.80954168925317,1884377,110.34305146860517,111.69424764963357,54.50784114843573,-0.04032141012313373,0.07617709406538581
2024-05-16,111.83878711915999,3110376,109.44376568908545,111.49584719400788,46.504718422018435,0.047086106263227734,0.07616677062004933
2024-05-17,109.58177680925084,1040738,109.68092632703204,111.4409920707505,47.67903309709686,-0.020180926206794347,0.07573460774316074
2024-05-18,113.77398874679098,4039806,110.7564809190143,111.35764235970794,52.42513804711732,0.03825646982196251,0.07541395277336936
2024-05-19,105.26589406954237,2898739,110.42876059493304,110.60068571428795,45.391424619808156,-0.0747806662222571,0.07579474676248829
2024-05-20,106.99483155521511,2229336,109.36600311402306,110.31261733712157,54.13959362920939,0.016424479181552876,0.07416232318095144
2024-05-21,106.54171687211425,2017433,108.68664812304667,109.63383744212376,46.90598470752157,-0.004234921224835375,0.06219393674546534
2024-05-22,101.06645508698595,4909706,107.86620717986564,109.70260929172437,40.364658179299816,-0.0513907786158585,0.049733769873380934
2024-05-23,109.7595622045575,1466725,107.56917504920814,109.37792494022068,43.46164974472253,0.08601377291891321,0.05329243179825781
2024-05-24,109.4928057727138,3761089,107.55646490113142,109.22752530933771,51.45224626022376,-0.0024303707712185485,0.05310169235851131
2024-05-25,108.13575768294884,4678086,106.75100332058254,109.11640433732715,51.75794691934056,-0.012393947530963234,0.053065722238789886
2024-05-26,106.87443810502226,2174737,106.98079532565112,108.86408814130142,49.361981773375625,-0.011664222870890972,0.04832416018513868
2024-05-27,100.92263024462262,2581530,106.11333799556647,108.83522907701044,37.20465379946859,-0.05568972306128972,0.04608430069985537
2024-05-28,105.8636724872225,1844193,106.01647451201049,108.63238358318458,45.024479094782244,0.04895871451847289,0.0471883519285706
2024-05-29,106.2363978403531,3087258,106.75503776249151,108.32143213698744,49.43239240241297,0.003520805054024523,0.0457529434160589
2024-05-30,103.93763522912232,1298512,105.92333390885793,107.64542488238385,41.7277898797887,-0.021638182938819694,0.04174837140779111
2024-05-31,107.15791952627282,1662143,105.58977873079493,107.60905665298613,47.51248594635993,0.030982851303588355,0.04219272186110829
2024-06-01,110.01647111409387,3663354,105.85845207810137,107.78864543923274,46.03527085772294,0.026676064638602837,0.042510812347483364
2024-06-02,117.47579507878794,2250155,107.37293164578216,108.26082918878878,63.17481295665488,0.06780188356485528,0.042816971687828574
2024-06-03,108.98339160197972,3749178,108.52446898254746,108.00127003071232,51.87241387415168,-0.07229066609945123,0.04553885120446319
2024-06-04,109.48105800127327,1996530,109.04123834169759,107.91478699225159,52.76534242159247,0.004566442574214236,0.0445456916325035
2024-06-05,107.92119462922791,1771253,109.28192359725112,107.96772284653609,56.96185995733137,-0.01424779227130979,0.04338762498666927
2024-06-06,98.81711857105776,3601623,108.55042121752761,107.34764339186457,38.97856160051641,-0.0843585552351227,0.04710376898284657
2024-06-07,108.41347493310865,3076696,108.72978627564702,107.29200996919114,49.08486662337692,0.09711228682660189,0.05152041573219462
2024-06-08,108.99984035302049,2378246,108.58455330977938,107.06466956948778,50.742332066540506,0.005408602761544534,0.04852196313309835
2024-06-09,121.18514535959201,3036915,109.1144604927514,107.82272915472822,60.351395100985904,0.11179195278733145,0.05427093985742148
2024-06-10,108.09497015830426,3903540,108.9875431436549,107.87511670725628,54.70237808059835,-0.10801798489778058,0.06011191288000605
2024-06-11,110.76990979022085,4364695,109.17166482779028,108.07645922716613,53.31516861972579,0.024746198902679373,0.058922807488592195
2024-06-12,109.31150255231272,4978400,109.37028024537382,108.46908053503883,52.047817737430684,-0.013166095744504114,0.05595460300324839
2024-06-13,103.88195128929517,1383152,110.0938277765506,108.1891943009787,49.9644024982329,-0.04967044763124673,0.05710486975047222
2024-06-14,115.69699829612402,1954652,111.13433111412421,108.48463204018873,54.91836905771552,0.11373532033419131,0.062499315410278235
2024-06-15,114.01719533230042,3191422,111.85109611116421,108.76470049968165,52.33607246319264,-0.014518984835926174,0.06254316913955717
2024-06-16,114.50424947304525,2045482,110.8966824130861,109.12802485053987,48.11107397039856,0.004271760407062564,0.06089188927145595
2024-06-17,106.3104063095661,2839765,110.6417447204092,109.3845856155372,48.29438613044822,-0.07155929322437948,0.06257396172340055
2024-06-18,118.19601452848758,2591961,111.7026168258759,109.97183999845458,54.855324006430344,0.11180098573145969,0.0672191295076407
2024-06-19,104.51365491501127,2714331,111.01721002054713,109.88980462105735,48.327487581768544,-0.11575990669447311,0.07245522853219345
2024-06-20,114.8139246796804,4293041,112.57892050488785,110.40772316632203,57.76053602898576,0.09855429678586147,0.07535755425621478
2024-06-21,123.20417398978535,2938900,113.65137417541091,111.17183052172739,57.26038065343767,0.07307693150907357,0.0767248249633617
2024-06-22,107.68663716347434,3255920,112.74700872272147,111.06088604788836,49.43779368514152,-0.12594976552983939,0.08095362806307177
2024-06-23,110.21003126212368,2295302,112.1335489783041,110.71489729471386,44.87758117879508,0.02343275047969673,0.0793445494830828
2024-06-24,113.95634195088927,1570451,113.22582549849314,110.95170445418576,52.997090208331166,0.03399246553025059,0.07963643615217696
2024-06-25,111.3711967824749,1019816,112.25085153477703,111.0417110628144,50.30773815474008,-0.022685399725523525,0.07976620138826297
2024-06-26,106.57920864531086,1967344,112.54593063910553,110.97780696834215,48.64775628045313,-0.043027176465774475,0.07785229604692129
2024-06-27,115.13226465617356,3855059,112.59140777860456,111.754718686681,55.40092823036341,0.08025069917085559,0.07690698431636515
2024-06-28,109.9473180073621,3412149,110.69757120968696,111.82775883307403,47.052098013780885,-0.045034696957413134,0.07774430196764118
2024-06-29,118.10811597673636,2204565,112.18635389729582,112.26148624372718,51.96674036383632,0.07422462063902113,0.07540402626532303
2024-06-30,111.63572699504799,2669595,112.390024716285,111.80675203589173,48.69598264044814,-0.05480054379127708,0.07220966251594416
2024-07-01,124.48601824444151,4822654,113.89426418679247,112.58727813523161,57.9269554471434,0.1151091285495327,0.07628193538430596
2024-07-02,113.33378911997487,4352252,114.17463452072104,112.70936762712465,47.8657781239032,-0.08958619836782034,0.07928516779926928
2024-07-03,116.16305829681994,4732839,115.54375589950806,113.03563218638689,55.65187453666399,0.024964039399141713,0.07833757348654999
2024-07-04,122.3732359199264,2038896,116.57818036575847,113.91616954975031,53.81907685652763,0.05346086539180295,0.0751724504844014
2024-07-05,112.69194279487567,4297606,116.97026962111754,113.77307166873847,44.75745341477457,-0.07911283094111832,0.07743193990910265
2024-07-06,120.53185144895753,3828032,117.31651754572056,114.08329338857928,56.93726952629378,0.06956938055768758,0.07888331064774702
2024-07-07,126.48555456158087,2574623,119.43792148379669,114.65383172612859,58.47581921862973,0.04939526806443029,0.07728109484547961
2024-07-08,112.47403168309822,3878604,117.72192340360479,114.9473376962968,49.30261759224695,-0.11077567653514919,0.07811285721690063
2024-07-09,122.00184758092553,4580893,118.96021746945488,115.12856784165099,54.6947130393753,0.08471125072383345,0.07522267065440666
2024-07-10,122.95024147535231,1133554,119.92981506638807,116.00650053500054,57.48384637011065,0.007773602721858008,0.07231156180410056
2024-07-11,126.1362966211424,4956602,120.46739516656179,116.5456611036416,55.28995270331472,0.025913370381047907,0.07075960614043908
2024-07-12,116.62226836452213,3548434,121.02887024793985,116.23223702624811,53.08061716718583,-0.07542657039627698,0.06667550096932773
2024-07-13,116.7873366307472,4239229,120.4939395596241,116.66560366754682,49.34186211541519,0.0014154094971736697,0.0665562192574661
2024-07-14,126.58395178934907,1264223,120.50799630644812,117.44531416884327,57.20977524767454,0.08388422444786414,0.06860294726274434
2024-07-15,126.04508288058028,2968797,122.44671790608842,118.02096849882855,50.853300587105835,-0.004257008105304938,0.06829911040843817
2024-07-16,126.3990931346342,2108252,123.07489584233251,118.73658261083612,58.109380778916616,0.00280860027193075,0.06724232685089063
2024-07-17,127.46515466668114,2790380,123.71988344109377,119.73115146899664,57.1719704751542,0.008434091618928274,0.06522129544692372
2024-07-18,122.91815199284639,4319260,123.26014849419435,120.1019080088382,50.353243625081674,-0.035672515251129466,0.06485976027472387
2024-07-19,128.06324681502193,2663261,124.89457398712288,120.96457128539342,60.587150710785785,0.04185789274211493,0.06349946939757281
2024-07-20,128.94865059342783,3694287,126.63190455322012,121.48078721952159,56.41136861597954,0.006913800800980807,0.061868803533487476
2024-07-21,124.48971883792747,2666471,126.33272841730276,122.09288206918252,48.444274948738055,-0.0345791269236253,0.057247179416662825
2024-07-22,137.9646901181781,3317330,128.03552945124528,122.73472358697948,70.03720408278336,0.10824163959911925,0.057753728970158784
2024-07-23,131.57476063439316,2198097,128.77491052263943,123.60334127814228,57.915366426706015,-0.04631568757420068,0.059062090825218856
2024-07-24,123.81358477599349,1426752,128.25325768111264,123.96765206286483,50.64157403353841,-0.05898681343578993,0.05984489106480781
2024-07-25,133.61140451414445,1588365,129.7808651841552,124.50280294830377,55.0579266103551,0.07913364075418228,0.05897071418910754
2024-07-26,126.00710102957039,1824690,129.48713007194786,125.13685810233686,56.518579676481295,-0.0569135809343958,0.05905103071994211
2024-07-27,135.36046645910926,1703662,130.4031037670452,125.8429826266298,61.44038229014249,0.07422887561982638,0.060306261941174444
2024-07-28,137.75455191213166,2305585,132.29807992050291,126.37960154808462,57.57112986140919,0.017686740565020287,0.05380333621455039
2024-07-29,128.3860389738326,2186293,130.92970118559643,127.13731618097671,51.4170321719378,-0.06800873588754353,0.053709634614611104
2024-07-30,137.82491841973186,2430491,131.82258086921624,127.89079574472937,56.23098559215425,0.07351951599521711,0.055925067935769596
2024-07-31,135.58062131426834,3659440,133.5035860889698,128.4922424037254,54.36955465183144,-0.016283681726034005,0.05597762662277655
2024-08-01,138.12518656313108,2599601,134.14841209596787,129.06314192477248,58.36826491304333,0.018767912583647073,0.05271475362608413
2024-08-02,143.98592691624324,4943645,136.716815794064,130.36617328437825,58.693603930772994,0.04243064207868752,0.05316751908068785
2024-08-03,133.75044132340003,1300709,136.4868122032484,131.17394017450457,52.37884199701396,-0.07108670834752628,0.05340805535466098
2024-08-04,131.6719216645825,4040178,135.6178650250271,131.4162244542776,53.644062354528444,-0.01554028262076379,0.05356031122148148
2024-08-05,131.44353009885702,2900163,136.05464947145916,131.67329336943362,46.17751784047913,-0.0017345502582339911,0.05357317245991337
2024-08-06,132.2493306467848,2234816,135.25813693246673,131.95187610810748,50.423108597796,0.0061303933888701145,0.0535640392231388
2024-08-07,136.36645756928485,2625351,135.37039925461195,132.3757476748981,58.25066408778818,0.03113155206430629,0.05309395184833991
2024-08-08,138.8671625187321,2964956,135.47639581969779,133.13522436660696,53.8209923057817,0.01833812356808262,0.05252772906889482
2024-08-09,138.93971881905503,2323062,134.7555089486709,133.65315160489425,60.55844025862485,0.0005224870949109839,0.05253717889030952
2024-08-10,142.07206771450808,4448678,135.9443127188292,134.2780762297076,56.09901442006388,0.022544661253650622,0.05181810381023678
2024-08-11,138.3656972244622,2359490,136.90056637024057,134.93883710525688,50.542427359682144,-0.026087960495470464,0.0465658065495361
2024-08-12,145.91719629478993,2127199,138.96823296965957,135.31752787557173,66.0785308294394,0.054576381442847044,0.04661529609043257
2024-08-13,137.6590615662031,4511049,139.7410516724336,135.60725649137217,49.84451855230603,-0.05659466422246284,0.04644193073342849
2024-08-14,152.89970109493248,2017289,142.10294360466898,136.9923096494169,63.0546712088703,0.11071294076343707,0.04948432160303969
2024-08-15,142.72712797274784,2910637,142.65436724095696,137.4263917188742,53.11106403818379,-0.06653102033122149,0.05018919070835049
2024-08-16,135.596131775071,1907425,142.17671194895922,137.88301223056473,44.423988326576975,-0.04996244441377973,0.04916261629249185
2024-08-17,134.7935732351585,3280827,141.13692702333785,137.85601731513847,50.79267486533206,-0.005918742145563538,0.04902982501203096
2024-08-18,142.80932725368342,2785910,141.7717313132266,138.09672090283144,57.76283192749024,0.05946688574343795,0.047991978367950376
2024-08-19,139.51124967722518,4775963,140.85659608214593,138.6264928410882,55.39249006324094,-0.023094272901374335,0.04568969694964042
2024-08-20,144.41271967187248,4958559,141.82140438295582,138.94019766261871,57.70802541410667,0.035133152387262,0.04607600886099161
2024-08-21,143.40553099620718,1652465,140.46509436885225,139.31281240937773,54.64374748106271,-0.006974376481197697,0.046005969158179415
2024-08-22,140.85424381223064,4362182,140.19753948877835,139.4427675164777,51.310023199877314,-0.017790716761433845,0.04524512159808237
2024-08-23,137.14586381811418,4095900,140.41892978064166,139.1170502260906,48.87146676024007,-0.026327783201619437,0.04257953130998335
2024-08-24,133.94944853138202,4255303,140.298340537245,139.12652675980402,44.89408983238689,-0.023306683830956243,0.04278379994968084
2024-08-25,139.4174110019809,4130176,139.81378107271607,139.49535958539443,50.6467870806645,0.040821089825672674,0.043652779825467856
2024-08-26,146.0408012438621,2256182,140.7465741536642,140.19046773515657,50.07689282380131,0.047507626158594274,0.044734183297022036
2024-08-27,142.9207202141351,3602967,140.53343137398744,140.69862914312563,53.49673329804432,-0.021364447491061256,0.04471641403491459
2024-08-28,135.69575742888858,4438550,139.4320351500848,140.666691041202,37.20346408805943,-0.05055224165132599,0.04612679829135396
2024-08-29,142.84747463841163,1076218,139.7167824109678,140.8562297135677,50.09372758061772,0.0527040590290444,0.04761913097151307
2024-08-30,143.94838776851788,3684670,140.68857154673975,141.0947377587802,57.179158748167126,0.007706913495621581,0.047404655354028956
2024-08-31,137.62607976583976,1770044,141.2138045802337,140.88302404693886,52.22366983830143,-0.043920658651939615,0.04811730168530992
2024-09-01,142.82114614541706,2384775,141.70005245786746,141.09518828127005,50.00970843041953,0.037747688435333604,0.04726731465085497
2024-09-02,142.33458673339788,3546741,141.17059324208685,140.92458782596566,52.431492264427824,-0.0034067743128441963,0.045375534826913484
2024-09-03,136.30389269295082,2735416,140.22533216763193,140.86005597485843,43.14981572068144,-0.042369842628221854,0.038588216948664135
2024-09-04,143.76739804806135,1478446,141.37842368465664,140.4251844011979,50.27563160955549,0.05475636247545346,0.037937920869249166
2024-09-05,144.72698172839685,1462052,141.64692469751165,140.52041553241926,53.02314196936929,0.006674556911816065,0.035994321208265075
2024-09-06,147.2681853242887,4480130,142.12118149119323,141.07622760619154,58.04836137670844,0.017558602864121253,0.03604092381978302
2024-09-07,147.03749884162738,4185714,143.46566993059145,141.65927168269005,60.92151929771916,-0.0015664380066431338,0.03369847233844633
2024-09-08,134.78183316488503,2728096,142.31719664765828,141.27701005941395,46.5253842108204,-0.08335061309729441,0.03842232784708171
2024-09-09,136.86934507804355,1347739,141.53644783975054,141.15120507850054,42.62394362322916,0.015488080731212328,0.037693749486440525
2024-09-10,144.0090262246194,4771374,142.63718120141746,141.13198158101227,50.82210684659391,0.05216420917704223,0.03955642293711521
2024-09-11,143.86576180574485,1472327,142.65123316680084,141.1538973338474,56.91103958520208,-0.0009948294397260637,0.03931497208451947
2024-09-12,143.72319023262088,4472801,142.50783438168997,141.29051383005648,50.840430702697,-0.000991004192620104,0.038765334707256134
2024-09-13,160.25142250745398,3694946,144.36258255071357,142.39077852954884,62.07157674531153,0.11500045502804102,0.04555495885646123
2024-09-14,143.67130018151397,1034911,143.88169702784023,142.85372384622178,53.88588485326072,-0.10346318345578986,0.05145631838540357
2024-09-15,146.31362242934864,2922135,145.52909549419218,143.18211486657262,52.32114968415909,0.018391441049787627,0.050527366128478586
2024-09-16,145.21522621994524,3522189,146.72136422874956,143.14280177019566,51.899069616837934,-0.007507135638951112,0.0502945391993654
2024-09-17,143.50270271693256,3827551,146.64903229908003,143.1705152227098,55.03235428777187,-0.011793002342735504,0.048889993444406775
2024-09-18,138.46168014470723,1978039,145.87702063321748,143.30222582822498,46.16099575281718,-0.03512841554050061,0.04821952645904023
2024-09-19,143.61756271331802,1899885,145.86193098760282,143.3388966889348,49.24322452849102,0.037236891558894536,0.048929330390578084
2024-09-20,135.73636396173833,1608746,142.3597797667863,142.947847936231,42.66788146653485,-0.05487628812718215,0.049516811330048725
2024-09-21,138.18793862512206,4157903,141.57644240158746,142.97460312000635,44.52784843140783,0.01806129611719065,0.04892914511455424
2024-09-22,136.71121973430502,4002819,140.20467058800978,142.68365424328675,51.3765399570333,-0.010686308121456989,0.04897891134426335
2024-09-23,139.30858390879425,1316915,139.36086454355964,142.53955887068656,51.727729554045695,0.018998910108015687,0.048157604285161235
2024-09-24,150.2295659428842,1499876,140.32184500440988,143.20268616830245,54.182034219927424,0.07839417879116439,0.04977816521871871
2024-09-25,129.07361268362047,2962165,138.98069250996892,142.5029821033291,42.24607115888541,-0.14082416551284593,0.05928335646507151
2024-09-26,141.59223822984796,4791316,138.69136044090175,142.3537086033982,49.011259359089365,0.09698826340990863,0.06332593969756103
2024-09-27,129.84642179697292,1611213,137.84994013164956,141.52410081638314,35.23720981969993,-0.0829552281941327,0.06598943404748711
2024-09-28,135.2982064972465,1768734,137.43712125623875,140.96508689522213,45.44198225786706,0.041986406901515894,0.06398741937577761
2024-09-29,142.8500219482432,4212086,138.31409300108706,141.34928636109635,48.21020427025537,0.05581607950694023,0.06505554503932627
2024-09-30,137.4743491380465,4556271,138.05205946240883,141.37809607823934,46.16928351277302,-0.03763158546902001,0.06466788744101748
2024-10-01,131.51292016457197,1047057,135.37825292264992,140.78304340871327,44.30608025827027,-0.04336393669693461,0.06538192932008884
2024-10-02,133.0755716561052,2316870,135.9499613472906,140.269224830159,47.35475770984977,0.011882113860583354,0.06546002815507446
2024-10-03,139.8030093534999,2839433,135.69435722209803,140.08254955020087,48.155064161046404,0.05055351341852421,0.06083176069514921
2024-10-04,132.50933086380033,3351878,136.07477280307336,138.76149756716973,48.43030165282938,-0.052171112220174676,0.05744916335549734
2024-10-05,137.00353648435663,3375328,136.31839137266053,138.44398501016227,49.43510664045432,0.03391614455570435,0.05784881549470007
2024-10-06,135.9138345155616,4672214,135.327507453706,137.94875701426764,49.61828280710335,-0.007953823651256298,0.05785127992444657
2024-10-07,132.1980655992537,3026580,134.5737526624499,137.32889222280613,46.63217777874408,-0.027339151526053485,0.05809826246045201
2024-10-08,145.9519385877988,1708754,136.63646958005373,137.44552250237118,48.02689578953342,0.10403989594097918,0.06217036064006226
2024-10-09,138.18471071562772,4034735,137.36634658855695,137.43233348193883,54.794825734001975,-0.05321770952359517,0.06294906103155663
2024-10-10,124.67972279343965,4313020,135.20587707997691,136.53053158099223,41.191035880534855,-0.09773141943308161,0.06558869342782936
2024-10-11,135.53611301856176,3007954,135.63827453065713,136.52099582179335,52.991217075559106,0.0870742249171359,0.06846113919501491
2024-10-12,131.10204913735262,1144931,134.79520490965655,136.18357251285195,47.77011041272769,-0.03271499958540125,0.06884009482903879
2024-10-13,138.4896557792204,2492252,135.16317937589352,136.26825994356219,47.678796749963176,0.05635004708528979,0.06987614393731498
2024-10-14,130.09137752484605,3259643,134.86222393669243,135.82934535385039,46.19227583369079,-0.060641917312314386,0.0687893368001243
2024-10-15,133.31737485465757,4526737,133.05728626052942,135.0240029210777,50.95765783202315,0.0247979335078945,0.061104534196588844
2024-10-16,136.2642336710738,1401921,132.7829323970217,135.36641344428978,51.6677787036674,0.022104086730097228,0.05723904051108444
2024-10-17,137.9280388148451,3008960,134.6755489715082,135.19192775786104,48.96447590811325,0.012210138338924148,0.053867804016929886
2024-10-18,127.47001207564475,1260910,133.52324883680575,135.07876539017875,47.310837082380125,-0.07582234061371118,0.055942448631915956
2024-10-19,131.6840036531163,4168964,133.6063851962006,134.90666049283922,47.15278972461801,0.03305868971731818,0.054937871212692925
2024-10-20,130.88007970452935,1087955,132.51930289981615,134.33666324313856,47.297481178547294,-0.006104947649561487,0.05432964481742678
2024-10-21,129.90021010752358,4886602,132.49199326877007,133.9759899559708,48.728990536029926,-0.007486774146362785,0.05344419993800441
2024-10-22,141.92037973025543,3724585,133.72099396528404,134.4715832686224,47.72642431641379,0.09253387360022192,0.057237308377996864
2024-10-23,135.05889525804977,4816446,133.54880276342345,134.56602724966737,48.21901926947315,-0.0483474218801212,0.05734607688171708
2024-10-24,126.68546894488195,4376513,131.9427213534287,133.94138246830462,51.213780959251174,-0.06199833263236143,0.057854914131170526
2024-10-25,137.55049578205802,4240642,133.38279045434493,134.1814379406026,51.21888001227112,0.08576379696635295,0.06058320390140746
2024-10-26,143.55900405812844,2937878,135.07921908363235,134.49360306316316,57.396629039542425,0.04368220006702561,0.06123661814356922
2024-10-27,138.11364277226065,1207990,136.11258523616542,134.59835583729168,49.771461588019676,-0.03793117207516228,0.0615714519365096
2024-10-28,125.37390481799244,3085259,135.46597019480382,134.27339580008876,47.27648057229375,-0.09224098140163539,0.06041538925790069
2024-10-29,130.58562688505828,3475539,133.8467197883471,133.54166667138685,48.458240776242974,0.04156943244793876,0.06022014193198127
2024-10-30,139.3942304347416,1538884,134.46605338501735,133.5992628484875,51.656895482053045,0.06745461778451811,0.05753652259376158
2024-10-31,129.5912404196429,2999652,134.88116359569747,133.83314464021146,45.93694929787018,-0.07032565110137778,0.0567910842548178
2024-11-01,135.43580436250187,1996261,134.57906482147516,133.82836803754194,54.06503507718653,0.045099992282912726,0.05714705701565639
2024-11-02,137.19434388689746,2705215,133.66982765415645,134.1184773113298,52.884272235976184,0.012984303025873167,0.055831287535605914
2024-11-03,128.80844455854717,2242845,132.34051362362595,133.6574672532025,48.99538479853912,-0.06112423508700615,0.055859419887896236
2024-11-04,133.28492957862548,2946504,133.4706600180021,133.80954116052533,51.58754198679687,0.03475303995339862,0.056126414700035515
2024-11-05,117.53326362685115,3489569,131.6060366954011,133.05791681634406,38.94850504374986,-0.11818039745057851,0.06188522656097967
2024-11-06,128.7923080422004,4077172,130.0914763536095,132.70211083401676,47.26902239240343,0.095794535673704,0.06584161213473522
2024-11-07,132.84363981166004,3235307,130.55610483818336,132.45999659576987,52.78878719031385,0.03145631778050095,0.06379263726090398
2024-11-08,128.07734286217672,4266402,129.50489605242262,132.48891710941425,45.45916748016946,-0.03587899997501398,0.06400314560342751
2024-11-09,142.70556198342953,1906739,130.29221292335578,133.01375322038155,49.62213823093641,0.11421394912130678,0.06881605152674058
2024-11-10,127.63740761085037,4927545,130.12492193082767,132.85934026353968,45.72584373688894,-0.10558911764300272,0.0732271332411892
2024-11-11,132.8497267446549,4910485,130.06275009740332,132.9997934367364,53.249627319020746,0.04083692415389861,0.07072099421074846
2024-11-12,135.9825453575566,2983851,132.69836177321835,132.71703941898883,52.389139036771425,0.02358167148452761,0.07000645755245785
2024-11-13,142.8309637732401,2996055,134.70388402050975,133.08713791971218,51.548262943375796,0.0503624814322754,0.06904332955251102
2024-11-14,128.7576762611417,2305289,134.12017494186426,133.1858144585817,49.63838906106492,-0.09853106875650064,0.07044664402967665
2024-11-15,142.08157428718297,2490077,136.12077943115088,133.4015801016829,52.7073350316656,0.10348041695796217,0.0736352474575405
2024-11-16,136.66178331898695,1543351,135.25738247908765,133.07314101886664,49.789331267679515,-0.03814562863191007,0.07364139735841645
2024-11-17,132.06371805347064,1067642,135.88971254231913,132.7850493655909,51.32749324013634,-0.033645582209210656,0.0708023259145556
2024-11-18,139.65786183401855,1090093,136.86230326937107,133.46523779492549,52.534423484172265,0.057503634552172445,0.07132312127949414
2024-11-19,138.73379782830006,2556182,137.25533933662015,133.85324593507985,59.55841407921873,-0.006616627188641422,0.06986154271042631
2024-11-20,135.14324693138943,1217215,136.15709407349863,133.65081814920595,53.07607056671401,-0.025880866473174557,0.06812164881394502
2024-11-21,138.9134302985711,3003679,137.60791607884568,134.09473195296445,52.947925245456894,0.02789768229481515,0.06768691611074
2024-11-22,137.0717514516341,2755856,136.8922271023387,134.17263419530408,54.49605365004979,-0.013257745078921523,0.06774696812640812
2024-11-23,140.01314683645123,2732465,137.3709933191193,134.3068629071876,48.47608519453848,0.02145880061841199,0.0661860751193715
2024-11-24,143.21630189198433,1035954,138.96421958176413,134.99295135163698,60.1857763972286,0.02287753063128206,0.0659701139771022
2024-11-25,148.30815275262307,4173584,140.19997542727904,135.70834293135115,60.122958539950325,0.035553570322455874,0.05940772064155573
2024-11-26,134.67320537566155,1526861,139.61989079118783,136.52453063367543,49.24625323628522,-0.09193660040864049,0.06052017697230712
2024-11-27,152.02289952851297,3044424,142.03126973363405,137.63074927588082,54.72075123540291,0.12882810730208472,0.06647033875235624
2024-11-28,132.10340079584861,3656807,141.05840837610228,137.5954997989374,51.62094475671044,-0.1310295935312582,0.0729317701949758
2024-11-29,141.62108181547634,3592705,141.70831271379402,138.24043974909452,49.76835625678158,0.07204720667514275,0.07013689541703864
2024-11-30,145.84720647714602,3859244,142.54174980532184,138.3900418678429,54.676751236408585,0.02984107032296257,0.06559441235211803
2024-12-01,144.8450072659967,1886040,142.77442200160934,139.20945137523083,56.75492648712761,-0.0068715694688766815,0.06523304163283523
2024-12-02,140.86914529600688,1322918,141.71170665066415,139.59132844910476,50.66562166069203,-0.027449078466946886,0.06552200223329689
2024-12-03,143.49213287654328,2072328,142.9715534365044,139.9489278547708,52.566861323808354,0.0186200290704166,0.0647148625682753
2024-12-04,142.62467252138947,3938613,141.6289495783439,139.9391044618255,54.157977542998644,-0.006045351321804837,0.06028831363572398
2024-12-05,142.7059318517512,3245909,143.14359687204427,140.6033071089974,52.19789430711676,0.0005697424500625825,0.055835175245436276
2024-12-06,150.46929266400278,4459565,144.4076269932623,141.00272226979834,57.26567674103176,0.05440110800941689,0.05619154604172677
2024-12-07,148.5796273872328,1116739,144.79797283756042,141.57023865400055,54.69933095591093,-0.01255847783500652,0.05559640343000581
2024-12-08,143.90729578561613,2890969,144.66401405464893,142.13421854600745,50.373046735709494,-0.03144665041755346,0.05493100933133523
2024-12-09,152.45044067290019,2286585,146.31848482277655,142.74338896690656,52.15595453374553,0.05936561340163804,0.05629078784106959
2024-12-10,150.0721120513061,1780316,147.25848184774264,143.28330869181164,59.07851646512671,-0.015600667410972324,0.056028279507280336
2024-12-11,153.18494116414823,4353708,148.76709165385108,144.1424369886097,50.8232936315349,0.020742222324277693,0.055908939686069914
2024-12-12,152.85489798490806,4402337,150.21694395858776,144.80631640224476,70.35127806385232,-0.002154540627374746,0.05575833619256612
2024-12-13,146.1482711700996,4534550,149.59965517374445,145.2385316269336,54.69896242446264,-0.043875773058123624,0.056768950373837654
2024-12-14,148.0784642290617,3433828,149.52806043686286,145.62259435991504,52.43182007934738,0.01320708786705782,0.05663798887475342
2024-12-15,155.20085357869323,4489866,151.1414258358739,146.1932872973774,59.958218252580146,0.04809875214949533,0.05708276031944459
2024-12-16,155.09941003143337,2366853,151.51985002995005,146.51668050113025,64.7855928155015,-0.0006536275086169718,0.05248620258628363
2024-12-17,152.52364826825988,2014929,151.87006948951486,147.36670159125399,59.393183442468036,-0.01660716673681395,0.04437080837648754
2024-12-18,153.79208695913633,2566847,151.95680460308458,147.45094861175986,61.51854197461569,0.008316341139739336,0.03164043071799841
2024-12-19,160.16704230004444,3420564,153.00139664810408,148.78731249291204,65.94053862489346,0.04145177731154659,0.029016644651904216
2024-12-20,151.38938741934857,3582569,153.75012754085392,149.25246990262025,50.824697003708486,-0.0548031277511668,0.031509244802188086
2024-12-21,157.64580971116655,2480035,155.1168911811546,149.8143081518593,57.536240602374015,0.04132669005712852,0.03259255888151478
2024-12-22,154.45629260950088,1188456,155.01052532841285,150.2719884063119,58.99045648443013,-0.020232171774875574,0.03225557127779927
2024-12-23,154.92895108875405,3653093,154.98617405088726,150.9415029678713,52.449253483769155,0.003060143884510813,0.03209973729206794
2024-12-24,162.0538363326144,4303457,156.3476294886522,151.82539360863655,60.82480801758661,0.04598808159347012,0.03330089426002583
2024-12-25,161.22146130021702,3006032,157.40896868023512,152.71095497905694,57.57256929542012,-0.005136410536366043,0.03338259579681592
2024-12-26,161.68754088934892,1228504,157.6261827644215,153.61484112370445,58.30144955374411,0.0028909277051150095,0.03143437860168385
2024-12-27,164.66355424231048,2694693,159.52249231055887,154.29075834171908,68.7141063331069,0.018405953461795743,0.03133471375946122
2024-12-28,158.74728655293214,3749817,159.67984614509683,154.77493258770477,59.97928144816311,-0.0359294302652563,0.031628443153481005
2024-12-29,162.54748198667903,3044491,160.83573034183655,155.6625605020411,57.32718667987866,0.023938648125993334,0.02935710877386165
2024-12-30,158.07059754513642,2574486,161.28453697846263,155.93018701976663,52.72545457010646,-0.02754201041336024,0.02988531075849005
2024-12-31,161.71518324306308,1573044,161.2361579656696,156.48461898127886,58.26919949935354,0.02305669589745163,0.029961911772670585
2025-01-01,159.9037246179666,2089385,161.04790986820527,156.8045610505083,55.445155698017004,-0.011201537102263348,0.030113966240328915
2025-01-02,161.4866603890207,2589589,161.01921265387264,157.21559735546606,51.28547751257161,0.009899305190269825,0.028068899383574007
2025-01-03,164.4113652535636,1716756,160.9831856554802,158.08526850229768,64.3177377969394,0.018111123590625278,0.028162168332824145
2025-01-04,157.7645652666492,1051226,160.84279690029695,158.54651140884945,50.129461048700094,-0.04042786200737003,0.028091490378136966
2025-01-05,172.7234370279946,3596664,162.29650476334203,159.38092014453048,65.84734487827689,0.09481769075370217,0.03501837045933796
2025-01-06,157.6225686297993,4751198,162.23250063257956,159.5010705539765,51.863761747771306,-0.08742802168618147,0.040563144886725536
2025-01-07,156.95779562735095,4621509,161.55287383033496,159.7122204282189,46.12779422121231,-0.004217498853287149,0.0405642080331511
2025-01-08,169.1799363536113,4175130,162.8780469354271,160.44497516128916,55.154948261467226,0.07786896265591148,0.04317129411128505
2025-01-09,167.69255794340646,4149991,163.76460372891077,160.8033330490683,53.838843690661264,-0.008791695057125515,0.041068732783410763
2025-01-10,167.18361206822186,4138145,164.16063898814767,161.55543898472894,51.6634745431262,-0.003034993809065467,0.040245687024592365
2025-01-11,167.5171302184119,4897611,165.5538625526852,162.02550186602633,56.24952683924574,0.001994921308758002,0.039854890910883206
2025-01-12,164.60992366463927,2226476,164.39478921506299,162.50900810674722,51.48867457261224,-0.017354682174785085,0.0401624715081307
2025-01-13,160.46377896443101,1572212,164.8006764057247,162.7725713389223,51.73569036563917,-0.02518769590498815,0.03937268445100835
2025-01-14,165.5909082903151,3433478,166.03397821471955,162.94100333690807,52.75175146136117,0.03195194179628902,0.03997510557971697
2025-01-15,162.07068597866808,1224137,165.0183710182991,162.98144260731047,51.50208796415325,-0.02125854823789808,0.040312970167026535
2025-01-16,170.5593398950878,2500844,165.4279112971107,163.40390922663136,55.739488096245275,0.05237624475493985,0.0417790798553679
2025-01-17,165.15823252386346,1929168,165.13857136220236,163.42746533527676,50.45812342959715,-0.03166702787749165,0.041582698413182864
2025-01-18,161.95826776716558,4443609,164.34444815488146,163.58036920262123,52.68596623126015,-0.019375145324563303,0.04155147077514244
2025-01-19,164.65347046453851,1363476,164.35066912629568,163.68065436823358,43.8681100070074,0.01664134060292377,0.041147427893698706
2025-01-20,168.48210091244363,2400283,165.49614369029746,164.17644024286724,59.95720658815716,0.023252655635519703,0.04115251858959953
2025-01-21,163.73828031954255,2733309,165.23148255161567,164.27277819889008,55.784402896918046,-0.028156228864728683,0.0416290521310332
2025-01-22,162.56772440241707,2559161,165.30248804072266,164.39963533148295,43.04833564020182,-0.007148944735715368,0.041633348778434505
2025-01-23,168.00172883568885,1691757,164.93711503223707,164.70987668608618,50.300136151530985,0.03342609643609551,0.04209998712140109
2025-01-24,168.09524510780682,1390719,165.3566882585147,164.88529953628827,50.89218907335571,0.0005566387486966029,0.040911191299138505
2025-01-25,164.40560943433587,2527937,165.70630849668188,165.20153973474953,47.142551793219845,-0.021949673062462982,0.03519570623227062
2025-01-26,164.63801122251886,2149947,165.70410003353624,164.8165194582983,50.02712673426631,0.0014135879486265601,0.028867102696348432
2025-01-27,168.18949503902567,3660149,165.6622991944765,165.3197064301662,57.54813424207965,0.021571469371716168,0.02912294173499031
2025-01-28,159.80826182300845,4130730,165.10086798068596,165.4554429156737,44.6880392767545,-0.04983208501858272,0.02585791207208779
2025-01-29,160.014458055052,4337920,164.73611564534806,165.01899156812328,47.9886810918302,0.0012902726660772856,0.025827642948197557
2025-01-30,163.44659284695368,4296050,164.08538193267162,164.81680275400646,42.27880553346837,0.02144890426539381,0.026352151473687538
2025-01-31,165.9428755248836,3118324,163.77790056368258,164.75772006146656,50.909097265506354,0.015272772802718215,0.026592437728444544
2025-02-01,168.52055112474503,3632995,164.3657493765982,164.8055020093872,57.714384363240235,0.015533511708219816,0.026488321874398126
2025-02-02,174.28367255589782,3053490,165.74370099565232,165.26615671849473,60.55927166995862,0.03419833007124895,0.02666621625132507
2025-02-03,171.12144184561794,1996121,166.1625505394512,165.77366447474174,52.936889342179384,-0.018144159254308012,0.02629993873672096
2025-02-04,165.94550108984873,4723292,167.0392990061427,165.79054984614808,52.43265954809971,-0.030247178260914942,0.026790056164289023
2025-02-05,166.54840912816553,3678932,167.97272058801605,166.00377475802892,54.44285092115114,0.003633168928095065,0.02399127884796854
2025-02-06,161.51585906588733,1708362,167.69690147643513,165.57313281378129,42.695650238609375,-0.03021674051780021,0.023895435273809693
2025-02-07,166.30817147604355,3610471,167.74908661231512,165.62789181150416,48.180025124657455,0.02967084741939363,0.024404576223726715
2025-02-08,164.81740952922777,3877450,167.2200663843841,165.76404141922137,50.439045189192235,-0.008963852669323091,0.0242456775164199
2025-02-09,167.7225357396984,1876031,166.28276112492702,165.9101873847052,53.111284180867386,0.017626330972975612,0.023997085479623165
2025-02-10,161.8098640652288,3038435,164.9525357277286,165.5924618205521,43.857606181469556,-0.03525269665399011,0.024483615525994026
2025-02-11,168.36924346596658,2270896,165.2987846386026,165.81298387514374,58.54230953097068,0.040537574384795105,0.02605373106645924
2025-02-12,173.25271310381834,4563706,166.25654234941013,166.32179286092475,62.08166177664176,0.029004523256878967,0.025791169375626255
2025-02-13,164.85235781300113,2059622,166.73318502756925,166.17182281222534,51.17627813916785,-0.04848613993007689,0.028145338643056975
2025-02-14,167.203122883767,1228071,166.86103522867256,166.12934080155676,51.05709011039593,0.0142598207387028,0.02786253584898721
2025-02-15,168.43560435451792,1378165,167.377920203714,166.32124532156544,49.92710193071479,0.007371162987234836,0.02789658587435539
2025-02-16,162.7616794993987,2994849,166.66922645509976,166.23189619189304,40.09710587732093,-0.0336860183264871,0.028534574852737894
2025-02-17,165.66439507176932,1708662,167.21987374174842,166.11165333630942,45.28877438729407,0.017834146104282134,0.02640289340198543
2025-02-18,164.37698668786646,3513518,166.64955134487698,166.32921166320742,48.54839308426795,-0.007771183321226727,0.026495721851583418
2025-02-19,164.56713695629745,2315573,165.40875475237402,166.54600589660006,48.15228345046517,0.0011567937353180735,0.026084240915535784
2025-02-20,159.97378705833665,2012117,164.7118160731362,166.3806341923802,48.54999932588208,-0.027911708150945125,0.02659392000606356
2025-02-21,163.7175302624682,1645188,164.21387427009353,166.27466537036042,47.51503456967695,0.02340222903372502,0.026915329613394275
2025-02-22,165.83790125382222,2531191,163.84277382713702,166.14692013841173,50.967182337749435,0.012951398594608143,0.025846912561501848
2025-02-23,170.3540739847567,1415008,164.92740161075957,165.9597963969288,52.42016320215699,0.027232452272911267,0.026356672686997904
2025-02-24,167.64340508785685,2631993,165.2101173273435,165.79417559894017,55.700719316578315,-0.015911969895961553,0.025673823437434934
2025-02-25,173.36064332415145,4907107,166.4934968468128,166.14727761009743,54.959380657686154,0.03410356782778523,0.026731584422385376
2025-02-26,158.5053963593661,4351278,165.62753390439403,165.76427700205937,37.77061400056657,-0.08568984678378744,0.03253601962268819
2025-02-27,166.4516020306822,3342035,166.55293604330055,165.99931238133533,51.336257018234186,0.050132082905873565,0.033828227511472214
2025-02-28,162.7557727507164,4784146,166.4155421130503,165.83015053727212,46.36568331868023,-0.022203626969505175,0.03415315574176279
2025-03-01,172.53907601950917,2509090,167.3728527938627,166.19784894157124,52.942133440057916,0.06011033036460889,0.03654857638661772
2025-03-02,157.3022354637076,4046643,165.50830443371282,165.70164416652406,46.55769477386425,-0.08830950592362463,0.04104794278582036
2025-03-03,156.9021775772335,3768362,163.9738433607666,165.46794480995285,44.29517773909256,-0.0025432434910718227,0.03988995390811367
2025-03-04,157.86499929932938,4026768,161.7601799286492,164.96774270677966,45.74224067324787,0.0061364458859849424,0.03925459092864984
2025-03-05,150.00848971962887,2170365,160.54633612297243,163.86087492658015,41.3483888743858,-0.04976726706091261,0.03933216055192466
2025-03-06,157.77073485717003,1679418,159.30621224104215,163.5236547858263,48.73833381703597,0.0517453722255925,0.04109928058680636
2025-03-07,156.38162008137985,1700780,158.3956190025655,163.00834512856977,45.682352298804254,-0.00880464160256178,0.04106262878786296
2025-03-08,160.7139425644721,2611754,156.70631422327446,162.6406469480914,47.060756298851025,0.02770352731246639,0.04093367541580073
2025-03-09,161.46303341848224,2114593,157.30071393109944,162.57880665852394,44.66947986090453,0.004661019710282099,0.040740176637365656
2025-03-10,168.93563679360025,2226952,159.01977953343754,162.7345800738492,50.73289477303231,0.04628058334411689,0.04200417826574661
2025-03-11,164.11632496248464,2736857,159.91282605674542,162.7221676107358,44.70309471931905,-0.028527502678453054,0.04256456960564462
2025-03-12,156.29863409363986,3596289,160.81141811017557,162.32842937918068,48.62462373126665,-0.04763505928268763,0.043481916543172315
2025-03-13,154.52016158907782,1656884,160.34705050044812,162.0687329282636,41.94433540593718,-0.011378682321027456,0.043180788282941286
2025-03-14,161.31164405644188,3721864,161.0513396397427,161.9541669184528,49.0640999728067,0.043952079764354224,0.04428742330378421
2025-03-15,152.102001913713,4947208,159.82106240391997,161.3000764736857,36.65607675855798,-0.05709223408265862,0.04551173702714229
2025-03-16,167.7234439406957,3790416,160.71540676423615,161.17480837634946,56.770288659196375,0.10270372401702299,0.051324565473194146
2025-03-17,164.33873032598729,3938496,160.05870584029145,161.01744291149856,54.65089974966874,-0.02018032503497358,0.05093117497858881
2025-03-18,155.98394173480597,2606872,158.89693680776594,160.18998093105353,48.923133824505115,-0.050838828890843346,0.04843164479449221
2025-03-19,149.66583877309276,4539004,157.94939461911636,159.76904961742144,49.80032234347533,-0.04050482948081191,0.04775993293295234
2025-03-20,164.91643276241476,4875754,159.43457621530732,159.69594631893253,53.829856346325094,0.10189762817180559,0.05306790424053921
2025-03-21,157.50424167718126,3704999,158.89066158969868,159.44587341066895,50.56519681541015,-0.04494513349019502,0.05220351738615869
2025-03-22,164.2106203135474,2103913,160.62046421824644,159.04928028181362,51.7193420851766,0.04257903511012384,0.049093560934311026
2025-03-23,150.00911752392426,3994200,158.08984615870764,158.70198895134774,45.026044970523905,-0.08648346107277638,0.053045818581393685
2025-03-24,154.95958174406329,2324070,156.7499677898614,158.60948438786346,43.7948610627721,0.033001088879477614,0.0535715677978619
2025-03-25,157.9736978829015,4170082,157.03421866816075,158.6146605108907,47.228346095853745,0.01945098266860601,0.0523814137217059
2025-03-26,158.18953602197828,4190914,158.25188970371582,159.00423414433592,50.916048293615084,0.0013662916167018757,0.05115542929070788
2025-03-27,155.72787177273005,3649585,156.93923813376085,158.90695494983876,50.5812283317367,-0.01556148599428353,0.05124832142583653
2025-03-28,161.13267965258177,3524388,157.45758641596095,159.13319588180076,49.912705610617984,0.03470674721439404,0.05146369117388353
2025-03-29,152.7374465306385,2658987,155.81856158983106,158.7533627373325,50.312436392583614,-0.052101368512236235,0.052820086784317044
2025-03-30,157.43785108140946,2548459,156.8798092409004,158.5616873879481,44.33430527057685,0.030774408355897842,0.05219244236984417
2025-03-31,158.84267088631478,4876274,157.43453626122206,158.08106996379163,46.90505498959583,0.008923011812317583,0.051870530188703516
2025-04-01,160.92220840797773,3837981,157.85575205051867,157.92896917548177,52.992321074021476,0.01309180656595288,0.0507227390905585
2025-04-02,162.0343897356331,2593445,158.40501686675503,158.20210039652906,57.999349118049864,0.006911297941150085,0.05062093297383139
2025-04-03,152.99695713235445,2661793,158.01488620384427,158.12956685097083,41.61740483172627,-0.05577478100805433,0.051341690298644965
2025-04-04,151.11104077080694,3382347,156.58322350644787,157.64382383736915,45.12492609821079,-0.012326495878712485,0.04973684487487998
2025-04-05,165.34904123615308,3672914,158.38487989294995,158.27463523367584,50.778653238841606,0.09422210576222034,0.04885080921438948
2025-04-06,160.8188528584859,1616036,158.86788014681798,157.94584518214202,58.520914608281686,-0.027397729940248694,0.04903722486321294
2025-04-07,155.62900371336278,4271723,158.40878483639628,157.53109629582656,50.52569662143126,-0.03227139761835007,0.04819156915545247
2025-04-08,167.3587947001451,4391418,159.32829716384876,158.07275596084273,56.48270405304071,0.07537021189434734,0.04987783528966374
2025-04-09,160.43033744600027,2380346,159.09914683675836,158.58535113574308,51.41646652785748,-0.04139882380581472,0.04560292948400228
2025-04-10,166.01456636316672,1793392,160.95880529830296,158.63764321196936,56.25552691372801,0.034807811328365856,0.04498486511978814
2025-04-11,160.73880117312774,1428988,162.33419964149167,158.79166985463348,49.760098784257025,-0.03177892943742011,0.04466492109828137
2025-04-12,171.00488436242554,1180553,163.14217723095913,159.11520623791338,60.878311125639236,0.06386810847394875,0.04193399092683091
2025-04-13,169.79435847982316,1560696,164.42439231972162,160.05736056914668,57.67744562501816,-0.0070788965304453555,0.04160222997673584
2025-04-14,160.1056533486013,3977590,165.06391369618427,160.3024115979342,50.71148600499183,-0.057061407799206654,0.04370592338878414
2025-04-15,166.55716698969908,4405296,164.94939545183482,160.7111482220674,53.02536291420004,0.040295351888985254,0.04455523548595951
2025-04-16,165.29072827859775,3416430,165.64373699934876,161.0493002342874,51.74541029899891,-0.007603627835358506,0.044411248214767676
2025-04-17,169.28689296525678,4297291,166.1112122282188,161.69496791012202,59.23030105701144,0.02417658103558895,0.04408815752475581
2025-04-18,158.0139800524506,4802429,165.72195206812202,161.54645840535383,53.53530499770387,-0.06659058309446175,0.04515401647141288
2025-04-19,166.67829118363684,1699983,165.10386732829508,162.21030815073473,50.721987335724165,0.05483256056400987,0.04624962943907117
2025-04-20,168.96374036263595,4760343,164.98520759726833,162.7591600212693,54.53450046358789,0.0137117387199579,0.04628959447029438
2025-04-21,155.31520032089975,3490706,164.30085716473954,162.59118523244,49.84033431002095,-0.08077792319490096,0.049944539519368426
2025-04-22,158.64310495030114,4348231,163.17027687339697,162.4826564963602,45.1507841022855,0.021426780009461632,0.050164315163258366
2025-04-23,154.82645720778513,2191902,161.67538100613802,162.13942161408173,46.770291106194215,-0.024058075160037218,0.04878630745821847
2025-04-24,164.1510038248037,4852948,160.94168255750188,162.67056669467453,48.970356338436794,0.060225795934247595,0.05035904836219753
2025-04-25,169.57282551582114,2059920,162.59294619512622,163.54969930157998,54.87305372789028,0.03302947630344111,0.04637650547553742
2025-04-26,173.99506858089427,3492118,163.63820010902015,163.9614148894248,51.76312761708351,0.026078724887794724,0.04611585568517678
2025-04-27,167.36243612858863,3020836,163.4094423612991,164.27301409276302,48.6522240691213,-0.0381196576799645,0.046382132806008475
2025-04-28,175.6536271622653,4737973,166.3149319100656,165.2265675903298,58.752290102995985,0.04954033429165894,0.044636599782380174
2025-04-29,161.1379186918309,3202575,166.6713338731413,164.93033539945768,47.20330097263071,-0.08263825065806985,0.047663706115651475
2025-04-30,160.05804436282722,3417349,167.4187034667187,164.91260715740185,47.29437087352231,-0.00670155316495602,0.04702800710978768
2025-05-01,168.84175212480991,1464071,168.08881036671963,165.0472350508134,49.780691770084175,0.05487826492538783,0.04800175868909918
2025-05-02,171.5916907737212,3768408,168.37721968927676,165.56403931750833,57.30263071848432,0.01628707718502298,0.04599315332048592
2025-05-03,170.0664239975228,1186833,167.81598474879516,165.51935072870344,51.97385037194097,-0.008888931447209703,0.04601206296845418
2025-05-04,160.4571934699664,1717912,166.82952151184912,165.0747238234722,45.43391570686309,-0.05650280814804676,0.04597505330265629
2025-05-05,170.9185822399817,1775435,166.15308652295147,165.58962519925223,58.672197226860625,0.0651973809573918,0.047406473454867155
2025-05-06,165.4161765694164,3174606,166.76426621974937,165.53529232209587,53.675559635198844,-0.03219313896975551,0.047994111439245694
2025-05-07,175.86507451721576,4403322,169.02241338466203,166.03883261917292,60.65043103579028,0.0631673283985894,0.049739060007892084
2025-05-08,174.93101290126734,2560473,169.8923077812988,166.30760023517342,55.963821445500834,-0.005311239986180327,0.047034313554290275
2025-05-09,168.98232546762438,4498472,169.51954130899927,166.82990239780077,49.67521119579944,-0.034005905156454186,0.04638615454751361
2025-05-10,171.69775179412022,4006316,169.7525881370846,167.0689243316333,48.712243532817794,0.01606929197465745,0.04642122171694147
2025-05-11,169.5573035076504,2564718,171.05260385675373,167.09718924330065,51.2955760667273,-0.012466373403866027,0.04235809572867847
2025-05-12,175.12644499921979,1945439,171.65372710807347,168.04058184703018,49.67848544868019,0.032845187888459915,0.04266344904374841
2025-05-13,180.80146764124163,3134793,173.85162583261993,169.0957419751702,63.4417613497701,0.032405286603328864,0.04244979350346317
2025-05-14,171.68175007215368,2602575,173.2540080547539,169.89837496871155,57.158922938562604,-0.050440506308189414,0.04258480107915426
2025-05-15,179.71321065867664,2905350,173.93717916295526,170.6394324369912,56.758243580703834,0.04678109690253929,0.04319986197954163
2025-05-16,175.12152964588194,2417616,174.81420833127777,170.9036564431846,52.145203092297756,-0.025550047188882208,0.04334078282271837
2025-05-17,174.38480833457808,4813270,175.19807355134319,170.9222154790743,52.6498262879227,-0.0042069145512467765,0.04237336839181245
2025-05-18,178.38616991196318,1612121,176.45934018053072,171.44715518304452,61.814590034901286,0.022945585774352573,0.04123513552017427
2025-05-19,174.31234053199879,3415572,176.3430395423563,171.38328439112706,52.44194404164171,-0.022837136881042386,0.036728478993304996
2025-05-20,177.28191268309533,3378837,175.8402459769068,172.15204600975872,58.860842131800155,0.01703592609699034,0.036728484170963485
2025-05-21,174.61605876111886,2929465,176.2594329324733,172.84528479062973,48.944606436846165,-0.015037371165674829,0.03509853215045183
2025-05-22,190.9773612875365,2524102,177.86859730802468,173.89936141742623,60.75489257877504,0.0936987276113046,0.0405684347233211
2025-05-23,181.87066792678058,4190541,178.8327599195816,174.3888365199529,58.2874456528996,-0.047684674766475754,0.04221858191164165
2025-05-24,178.7280065821887,2741134,179.45321681209742,174.8012928335084,54.49588334204459,-0.017279649216755955,0.04010889146706635
2025-05-25,183.81984397201504,1664180,180.22945596353338,175.9138000002726,58.78918725771589,0.02848930890685475,0.0380521148178579
2025-05-26,182.702013532192,3383366,181.4279806778467,176.47491577609213,54.93937189327815,-0.006081119511738953,0.03717109996496699
2025-05-27,182.66230383611685,3035848,182.19660798542122,177.29615993164933,51.30952154235478,-0.00021734678949314468,0.03462163048697833
2025-05-28,187.33067967665667,1928626,184.01298240192662,177.84214112971793,61.748641364619814,0.02555741246277199,0.03494363208182522
2025-05-29,188.5287019742439,3439855,183.6631739285991,178.489650133193,57.37507287543941,0.006395227410988191,0.03377922344907738
2025-05-30,182.55804447980393,1204615,183.76137057903102,179.1361129432968,56.08110582449226,-0.03166975336867095,0.034705805537395495
2025-05-31,182.78838299613508,2525233,184.34142435245192,179.66423823863084,56.92929210673622,0.0012617275617050616,0.03450579242128433
2025-06-01,184.73616646118592,4711802,184.47232756519062,180.38704123641824,55.419522259934,0.010655947785762843,0.03389162962120256
2025-06-02,175.032309050871,4896022,183.3766554964305,180.38255857221117,50.56059656724541,-0.052528195188860094,0.03533157971197822
2025-06-03,179.38252477886968,2803740,182.90811563110944,180.31498986447914,51.601194931493865,0.024853787004171624,0.033767036391587436
2025-06-04,194.19505254809482,3497105,183.88874032702918,181.38705188714303,62.59231870288157,0.08257508799970892,0.037016911594896125
2025-06-05,195.97294270677097,4968222,184.95220328881877,182.1613248418142,53.954803594739,0.009155177412338178,0.03634043643877007
2025-06-06,186.87518059153905,4068893,185.56893701906665,182.7210225058931,53.9624344363067,-0.046423562301887045,0.03816053973701049
2025-06-07,191.35987458630615,1838003,186.79343581766253,183.5293589940706,59.793435995834756,0.023998339322381712,0.03818855600352887
2025-06-08,190.37420779891056,4433382,187.59887029448032,184.1002179410681,55.427115858200125,-0.0051508540624123356,0.03773166137238138
2025-06-09,204.5370604587364,1281570,191.81383478131823,185.53949031853182,64.86786169268004,0.07439480811805055,0.0407475926003785
2025-06-10,195.04878481934284,4182993,194.05187192995726,186.38553184882932,57.472636589401674,-0.0463890290498612,0.042253625414132266
2025-06-11,189.10288187372961,4395049,193.3244189764765,187.07538056847744,51.05292123219931,-0.030484183488353467,0.03761682684594656
2025-06-12,185.23941357344896,1066150,191.79105767171623,186.8021449630447,48.10572639703879,-0.02043050990021622,0.03626117371029109
2025-06-13,182.2424269213193,4757328,191.1292357188277,186.81984777230844,49.81179233714148,-0.01617899017447133,0.03623194099800047
2025-06-14,191.53225677849719,4235341,191.15386174628355,187.42957397213266,54.705676985557496,0.05097512151321748,0.03743934873189026
2025-06-15,186.95607319502568,3434206,190.66555680287144,187.57891822084744,51.16181549057951,-0.023892495501495414,0.03786893020913522
2025-06-16,183.83195646980175,2887383,187.70768480445219,187.6327250274003,54.94604665772484,-0.016710431877572485,0.03809460650600342
2025-06-17,187.8982007816218,3218978,186.68617279906348,187.8820534533767,54.801762362740234,0.022119355034379007,0.03798555080589852
2025-06-18,185.89357067861266,1559723,186.22769977118963,187.8136196915651,44.52874437322825,-0.010668703024671045,0.038045473875869214
2025-06-19,199.88966386500812,2931451,188.3205926699838,188.35461787683957,52.22332015998627,0.07529089432895453,0.040782586354546006
2025-06-20,195.99722413719428,3547500,190.28556370082308,188.9945788129058,55.50333701015989,-0.019472941484570794,0.0411530775129701
2025-06-21,191.66671258535817,4355745,190.30477167323176,189.41735641239262,50.18546066370568,-0.022094759611517967,0.041536017993562956
2025-06-22,199.20641464679068,1999554,192.05482045205534,190.10641584980235,54.9465054668216,0.03933756654836307,0.040170376476097086
2025-06-23,192.27633900041758,1134055,193.26116081357188,190.9275601331141,42.52800163796146,-0.03478841611933381,0.04099924797568897
2025-06-24,187.64871342062338,3587609,193.2255197620007,191.3211881636738,45.20620232634237,-0.024067576925230205,0.03701918649684402
2025-06-25,199.61940355632714,1676022,195.1863530302456,191.57949059263723,56.319372041090695,0.06379308398918204,0.03973055776798794
2025-06-26,194.73020213382046,1809942,194.44928706864738,191.52031247011578,55.63356323900293,-0.024492616125501465,0.03862083168752208
2025-06-27,186.86474765313727,4879275,193.14464757092495,191.51981566352524,52.59381344705674,-0.040391548894289975,0.03943199812586918
2025-06-28,191.09833618659502,1696358,193.0634509425302,191.50736145401518,49.74185700929635,0.02265589730876494,0.039747049630659136
2025-06-29,187.65500963202695,4595790,191.4132502261354,191.37787582702072,50.42148428837904,-0.01801861085386891,0.03594645772273901
2025-06-30,185.08651739030364,2142647,190.386132853262,190.4516594904287,50.76165021603527,-0.013687309743341647,0.03462158874290466
2025-07-01,196.5835139657602,2841648,191.66253293113868,190.52474183073429,54.83652220263506,0.0621168777583736,0.03674699399126144
2025-07-02,201.43689280261412,2355267,191.9221742520368,191.11207568449066,58.38931819324759,0.02468863608623484,0.03664548590362302
2025-07-03,184.81963271908995,3938204,190.50637862136105,191.09208611999742,42.089948595259926,-0.0824936279165468,0.04134484066772244
2025-07-04,194.53588536421825,3243541,191.60225543722973,191.6774889029926,49.27715580919324,0.05257153962585881,0.041446780433886166
2025-07-05,188.36275732674434,2688472,191.2114584572511,191.526560357671,48.394972207663564,-0.031732592811430704,0.04173654006149543
2025-07-06,189.06211544340147,3366860,191.4124735731617,191.62684808378415,44.721175381905105,0.00371282586102728,0.04152463091939726
2025-07-07,188.40488809060167,4828433,191.8865265303471,191.8446067323937,47.84469127386437,-0.0034762509202778125,0.04127268390584363
2025-07-08,186.90388661267178,3735264,190.50372262276306,191.79725843863415,49.57038487348255,-0.007966892436506612,0.04123709675131042
2025-07-09,191.31184434559762,2011727,189.0572871289036,192.05527147039533,44.75019989156161,0.023584088125789604,0.037818377178324904
2025-07-10,186.74886035543418,1254444,189.33289107695276,191.4295189223204,44.935465894471925,-0.02385102713201903,0.03794029196507631
2025-07-11,192.079834175306,3700713,188.98202662139389,191.24297654318283,53.41919408268615,0.028546218754564423,0.03819861770974126
2025-07-12,190.29046674466593,3958443,189.25741368109695,191.1774410269594,49.452794256425086,-0.009315748518436084,0.03715017636964305
2025-07-13,189.15181350501743,3308989,189.27022768989923,190.69865049639878,51.046525255539876,-0.005983763974767964,0.036346724587237
2025-07-14,185.60505835671742,3207169,188.87025201363005,190.3809704657464,50.35765740567931,-0.01875083871826544,0.03618196738303073
2025-07-15,187.04742179112455,1123618,188.89075703912332,190.35233753100835,42.36338717589268,0.007771142915916851,0.03301986700551444
2025-07-16,193.4893815117477,1459297,189.20183377714474,190.0604317193617,43.793454726571156,0.03444024867563722,0.03359963451555878
2025-07-17,191.99158250312894,4271069,189.95079408395827,189.93002126075734,57.332415120086694,-0.007740988145790384,0.03229020295400396
2025-07-18,184.36790642391685,2020154,188.8490901194741,189.81112405936588,39.1398388237753,-0.03970838710643909,0.03317471402244593
2025-07-19,189.515846174212,3913014,188.7384300379807,189.73576739210958,51.259160082258184,0.027922103418902555,0.03354205685084556
2025-07-20,192.53514832010544,4876620,189.22176358299325,189.96815494868474,53.60962390920807,0.015931660633369704,0.03351180553349025
2025-07-21,180.18645842665597,3649228,188.44767787869878,189.73481880755867,43.12833697279982,-0.06413732765779867,0.033584523976141964
2025-07-22,191.00252662301426,1750865,189.01269285468302,189.46905750552312,52.96510907816308,0.060027086889889114,0.036004605081430094
2025-07-23,184.7225463577708,3538911,187.76028783268632,188.6731362462449,45.358767608954395,-0.03287904289160737,0.03161007379107662
2025-07-24,190.63703066290077,3979706,187.56678042693943,188.95015519595015,52.6875014784348,0.032018204717007226,0.030125561216829678
2025-07-25,183.7152831530284,4709990,187.47354853109823,188.43488842398875,44.34283216294793,-0.036308515117988494,0.030390822748778308
2025-07-26,178.25461773085516,3990893,185.86480161061868,187.9535484432321,42.24495105229599,-0.0297235228798286,0.031041731478099292
2025-07-27,178.88941142258645,1540659,183.91541062525883,187.46913396605044,43.344419821142424,0.0035611626773661698,0.03106971848911421
2025-07-28,187.01702706204838,4977244,184.8912061446006,187.40304534564316,50.86436036756885,0.04543374353366425,0.032788547596121716
2025-07-29,187.82681171757474,3519997,184.43753258668067,187.44699416016232,50.48084069000493,0.004330004963974066,0.03235620549275105
2025-07-30,181.76106222333544,3803696,184.0144634246185,186.99219501148318,42.730527442841215,-0.032294375008398934,0.03273091250906427
2025-07-31,189.23362912320565,3421212,183.81397749037635,187.110517333758,48.408439605988555,0.04111203361415461,0.033437722861777375
2025-08-01,177.49538312659377,3093373,182.92542034374281,186.4160196647717,46.213804280375484,-0.062030443801135204,0.03615969997449201
2025-08-02,185.23990840877698,2646836,183.92331901201734,186.17551688687223,47.709831546436604,0.04363226324968483,0.037606477356724614
2025-08-03,179.28826113607425,2241835,183.98029754251561,185.70582391692255,43.12111339238138,-0.03212940086090399,0.03806681036273044
2025-08-04,181.8636004587862,3372280,183.24409374204956,185.52765925511633,50.96929818895963,0.014364238385676353,0.038175509934832375
2025-08-05,185.14629943600792,3916623,182.86116341611145,185.43712961915838,46.29258122329854,0.018050335355400904,0.037552093192263554
2025-08-06,180.40152016886222,3706871,182.66694312261527,184.81389812664003,47.21024852047483,-0.025627189317848798,0.03791902165293605
2025-08-07,182.58350198789492,1870123,181.71692496042806,184.36589429258126,44.537176278980425,0.01209514097769393,0.036996133446156196
2025-08-08,189.3494894240044,3942190,183.41036871720098,184.60311253068068,53.829855534518224,0.037056948532830924,0.03741088127784107
2025-08-09,181.25498987652676,4549560,182.84109464116526,184.2097384212671,51.969000962773116,-0.04274899062099857,0.03843425367863949
2025-08-10,188.1496199946554,3986249,184.10700304953397,184.00090373910282,55.61564752110195,0.03803829137518,0.03652684270108695
2025-08-11,178.1652118157884,4775389,183.57866181482,183.90465390049005,44.75023924621157,-0.05306632125619293,0.03595051119092133
2025-08-12,186.31680101380894,4326872,183.74587632593443,183.68152410957552,49.17619587229761,0.045752979018422346,0.036784300094704174
2025-08-13,190.74165542924206,2859582,185.22303850598868,183.96814835107415,54.98878865075046,0.02374908967605749,0.036463274359577684
2025-08-14,171.05414986056545,2969510,183.5759882020845,183.0356302176296,41.107904303945546,-0.10321555364701096,0.04258847554336001
2025-08-15,179.31949156808335,1250195,182.14313136552434,182.82630680882272,50.923601192660264,0.048320030319377816,0.04354511439182675
2025-08-16,186.09444408499655,2192324,182.83448196673433,183.19963187330563,50.43696757733459,0.037781461779021974,0.04430761224733785
2025-08-17,182.11295311426795,4549760,181.9721009838218,183.3531338586238,51.47411034205549,-0.021395001824504267,0.04344505764503223
2025-08-18,184.91742326140508,3129885,182.9367026189099,183.2531527252598,51.58988367498889,0.015399619297686407,0.04357894488849579
2025-08-19,179.99010995138542,2789616,182.03288960999225,182.8799764506794,47.3607756542723,-0.02664601973743841,0.043375499866275466
2025-08-20,183.40653973825587,1526338,180.98501593985137,182.95833252281847,51.559340661147246,0.01898120839969053,0.04255747872749974
2025-08-21,182.1743304727165,3207148,182.5736131701587,182.62217544422373,49.78556229257901,-0.006718458716346243,0.040086395222379376
2025-08-22,188.78665433899022,1558221,183.92606499457392,183.15985502576643,49.704554773063705,0.036296682683645276,0.039718097152719324
2025-08-23,184.23107976991113,1549239,183.65987009241888,183.1118155667728,51.6225000029664,-0.024130808319209773,0.03939833671668048
2025-08-24,184.67469861511273,1556701,184.0258337353967,183.36831258958418,47.962211757021215,0.002407947919295994,0.03929328935090953
2025-08-25,180.97173353599092,2214449,183.4621637746233,183.32584273611772,51.776714994317864,-0.020051285351434633,0.0393731808014846
2025-08-26,180.65445926416484,2759555,183.55707081930606,183.1119455850776,46.0206364814089,-0.0017531703190707404,0.03892702591537691
2025-08-27,181.0081962489593,4047569,183.21445032083508,183.14083492222505,42.74436887217603,0.0019580860956065482,0.03883821533874993
2025-08-28,185.2390251755621,1899005,183.652263849813,183.26728840735208,63.74009996695814,0.02337368701682263,0.03827306014710704
2025-08-29,181.2750250766316,2036580,182.57917395519038,182.88279010509623,52.066409231818646,-0.02139937896549371,0.037314982308010745
2025-08-30,184.95950515548213,1433816,182.68323472455765,183.0591955945703,48.7169079834494,0.02032535964230564,0.036584802841768155
2025-08-31,194.0358824552736,4858863,184.0205467017235,183.33949380698067,62.08692411580113,0.04907224039208802,0.03594008500082512
2025-09-01,188.18034668207406,2270464,185.05034857973536,183.8164049910895,53.115101383553316,-0.03017759240767892,0.03540452616023618
2025-09-02,182.37804925535133,1785332,185.29657572133345,183.6288453835439,52.2422953895993,-0.030833705692579927,0.03567021281122679
2025-09-03,190.21525028540435,2794029,186.6118691551113,183.6037784719326,55.903326406400716,0.0429722823665033,0.027884400951622937
2025-09-04,182.3873276069525,1767950,186.2044837881671,184.14345360271292,50.1657200613086,-0.04115297099841686,0.027862235910059503
2025-09-05,174.47302484349535,1166472,185.2327694691476,183.91266947297063,39.08458331322959,-0.04339283253556192,0.02816600373701502
2025-09-06,179.87645681134998,1397710,184.50661970570016,183.61657484089224,46.72160635246315,0.030970013689517906,0.02877792599955407
2025-09-07,175.8333155083572,3308912,181.90625299899784,183.31754447870603,43.68594367375189,-0.022477323462253507,0.02894142808221936
2025-09-08,183.71705826335662,1122744,181.2686403677525,183.2603842407037,51.85009206445055,0.044836456232463684,0.03014198293024246
2025-09-09,185.87082003390103,2778627,181.767607621831,183.54041805415685,53.43042783665573,0.011723254176305264,0.029963032842056748
2025-09-10,194.48152761312917,3063499,182.37707581150602,184.0677984291508,57.99246291964445,0.04632630112492997,0.03154135948920764
2025-09-11,188.07083080714477,2550522,183.18900484010487,184.34858415936165,51.63749523144529,-0.03296301137009183,0.0315813600966475
2025-09-12,185.69348508136224,4188729,184.79192773122872,184.2012903851889,52.60273964134205,-0.012640693485425958,0.031216292032978318
2025-09-13,191.3044231874624,1591652,186.42449435638764,184.53811626221517,53.65459500790778,0.030216127957540806,0.03190084515944987
2025-09-14,176.485385446866,1911420,186.51764720474603,184.14814896848912,40.518376563595424,-0.07746312131045174,0.03629357754963498
2025-09-15,189.11767917301256,1831460,187.289164477554,184.53605114168062,50.47184258890292,0.07157699598842848,0.03971616052328189
2025-09-16,192.206946760941,3335658,188.19432543855973,185.08616959390807,55.08669484392822,0.016335160210496635,0.03982546020195109
2025-09-17,181.38674085823732,3850171,186.32364161643233,185.1041955276832,45.56787479861399,-0.05629456211154227,0.041700686367117185
2025-09-18,194.93907264576973,3527941,187.30481902195018,185.56610255007405,55.95879290244788,0.07471511822423782,0.044571171779708874
2025-09-19,191.36651211529082,4801894,188.11525145536854,186.04664955191495,58.36481335985522,-0.018326549326366903,0.04469050113923775
2025-09-20,188.06391066650508,1910775,187.6523210952318,186.1944783857732,54.14015324939618,-0.01725799050356336,0.04350985299618629
2025-09-21,193.78264527410525,2760574,190.12335821340884,186.18241947238423,58.92519910225619,0.030408463736252056,0.04345604236417395
2025-09-22,202.4621032910058,2701165,192.02970451597932,186.8625031204286,59.24768420212841,0.04478965598092377,0.04370478011086508
2025-09-23,192.51882221514555,1912727,192.07425815229425,187.345397070895,53.04564551728635,-0.049111813589965636,0.044464739492236324
2025-09-24,193.36180694506416,3596874,193.78498187898376,187.49523310230737,49.447715560347305,0.004378713313426319,0.04331450709351366
2025-09-25,190.34486774410615,2733693,193.12866689303183,187.87416358502898,51.16048367838078,-0.015602560033042834,0.04215041786085162
2025-09-26,188.92255062492242,1558924,192.77952953726495,188.5622362412874,51.66407303166539,-0.0074723166221420945,0.041788712340845455
2025-09-27,197.86204456109638,4881185,194.17926295077797,189.41869280079914,53.26732579451535,0.04731830004731408,0.04243342875450888
2025-09-28,189.97637795514947,1179352,193.63551047664143,190.09217196493208,57.22075661433015,-0.03985436733679337,0.042660378481957056
2025-09-29,195.1682305042843,1810694,192.59352864996688,190.63746588116672,53.51867500303264,0.027328937444846657,0.04297871604372679
2025-09-30,192.98220435026738,3290435,192.65972609784146,190.97610322956515,50.45563477396949,-0.01120072743585665,0.04185948380999316
2025-10-01,198.33128099261563,1972346,193.36965096177738,191.1594248190645,60.64311086318665,0.02771797876574955,0.04150830300609609
2025-10-02,198.1756784597951,1915015,194.4883382068758,191.64060804061927,52.44432281005102,-0.000784558704213234,0.041350347158089475
2025-10-03,202.27043831999748,2498771,196.39517930617225,192.42998676626857,58.17033058194927,0.020662272444461838,0.04108675597416473
2025-10-04,195.1116929540657,4915612,196.0022719337393,192.61128532658302,54.99241229617653,-0.03539195062506595,0.037651817927878924
2025-10-05,196.89437694185838,1998974,196.99055750326914,193.58314206443978,52.334421302089694,0.009136735788625394,0.03434516043606379
2025-10-06,193.93411949026833,1431413,196.81425592983828,193.8124963652615,43.00178271793684,-0.015034748567066436,0.03439993078920097
2025-10-07,197.1921335713779,2352564,197.41567438999692,194.04988621337753,54.307642461221015,0.01679959199378045,0.031774423201383795
2025-10-08,201.88650246522425,3424050,197.92356317179818,195.02606533751978,57.3367565962645,0.023806065733079196,0.02763676390748898
